0.77758445307295088,-0.31122536369555265,-0.37732271871314271,-0.23826083268447917,0.93182612574342472,0.03457445092515813,0.27154457154161915
0.77758445307295088,-0.31122536369555265,-0.37732271871314271,-0.23826083268447917,0.93182612574342472,0.03457445092515813,0.27154457154161915
0.78334723838785358,-0.30904110840795734,-0.37181765364991287,-0.23997251222417001,0.92953618085289857,0.037330861098059102,0.27745646266018992
0.78858546243416727,-0.30685869885768829,-0.36695303019445347,-0.24189949187841839,0.92726199907695583,0.039982065456854961,0.28296864727134396
0.79449779600022907,-0.30584424762094348,-0.36105026272094631,-0.24367093973181342,0.9248593775980164,0.042161142175259604,0.28893259229395041
0.79895075911342794,-0.30390906736551287,-0.35640326776690079,-0.24550483810766061,0.92266593891007176,0.044787696585889776,0.29395408123626587
0.80478424128227632,-0.30162606874511477,-0.35041942917819635,-0.24752027033740059,0.92000415299969829,0.047865875203050447,0.30005821472916516
0.81107192427364383,-0.29939333768522142,-0.34406609385572312,-0.2493179241745305,0.91731704213221987,0.050463247093104839,0.30630618275170124
0.81656373167157992,-0.29806231838178177,-0.33840444262669972,-0.2506776847989593,0.91493703200671295,0.052512979872153594,0.31191875985828038
0.82143804762968498,-0.29578855095283729,-0.33312556525706571,-0.2531212273314255,0.91233007334413785,0.054933620922573242,0.31712107914556514
0.82721210316379401,-0.29399625766966769,-0.32691451369416957,-0.25497616312626792,0.90964223227200458,0.057265520062551048,0.32289135280551701
0.83231831395387545,-0.29109618268557097,-0.32146875466633157,-0.25712912088829049,0.9069349903614754,0.059913447736842769,0.32827414949936279
0.83716489078444312,-0.29038700365586456,-0.31581203942765068,-0.25863390005815839,0.90449541351648299,0.061821217714528948,0.33342868759098376
0.8420162737907988,-0.28695827034281318,-0.31022260948958041,-0.26061203706692176,0.90175788923082101,0.064920511619581081,0.33867300234423126
0.84809908796231048,-0.28518423924374414,-0.30383321166226973,-0.26238790462357325,0.89898789816040425,0.066444459541543932,0.34432322062942755
0.85233096693858601,-0.28304892368045642,-0.29864347043766615,-0.26564382872382053,0.89613568226376461,0.068439978357115697,0.34884117388445418
0.85743451097422985,-0.28063184542161723,-0.29289406658085004,-0.26801221878102904,0.89340958954210059,0.070175923371421103,0.35364402395241157
0.86159068735925093,-0.27867040428529766,-0.28791325715012572,-0.27016701022001338,0.89079224897814013,0.072330502331736227,0.35814418071732657
0.86663386161180944,-0.27647220260688066,-0.28196225919493595,-0.27242346401709377,0.88795400459650375,0.074044410525246337,0.36309856408959829
0.87117162026377915,-0.27479748865970333,-0.27667028001958605,-0.27381217339247732,0.88554118106020874,0.075548817057801046,0.36760860516280813
0.8767049034718315,-0.27327581878735763,-0.27035334220721152,-0.27498840702121613,0.88284783809827905,0.076755171233594058,0.37292052029625627
0.88101311806343641,-0.27018142420626234,-0.26543347920133231,-0.27652132297263732,0.88023005691151068,0.07879726345450612,0.37752085521610884
0.88584328751091845,-0.26930997111162647,-0.25991058254536081,-0.27724144711402449,0.87790292778077583,0.079620576277549399,0.38220961948817339
0.89025406317216937,-0.26640829527994642,-0.25466962404126603,-0.27769110936297681,0.87556237097124412,0.081663088898479577,0.38679364295646296
0.89468407557291985,-0.26494875160087294,-0.24924831323701607,-0.27865900971265362,0.87309998998994931,0.082976741547483926,0.3913571567605168
0.89915874491328496,-0.26296888776050348,-0.24393850135138129,-0.28012407918430604,0.87051992255480737,0.08409016047147122,0.39579591914040602
0.90328379401312464,-0.2611287548006665,-0.23892669037218434,-0.28067104244930685,0.86827038712702831,0.085475931557152968,0.4000302062259008
0.90767695597845877,-0.25852394685207492,-0.23356918004668045,-0.28249036629194468,0.86548534219152073,0.086979749217553456,0.40443644572407245
0.91222819672966249,-0.25715145154819641,-0.22819581827510371,-0.28361640193383963,0.86302569485446901,0.087769396889151377,0.40871129118826421
0.91723255297055983,-0.25534184160202444,-0.22175240589864509,-0.28515894838812089,0.85995473209195206,0.088980431091834497,0.41381724926536251
0.92111326038439634,-0.25270313933994248,-0.21676776967881345,-0.28699643065267827,0.8573208851969214,0.090142995190755096,0.41774177312764521
0.92468806955017524,-0.25062811221513293,-0.21196194694604253,-0.28800488750953357,0.8548393875261453,0.09182049008512258,0.42174850788719281
0.92924997016580579,-0.24844011440743335,-0.20627143444534113,-0.28936944558835243,0.85194569540643728,0.092945652341184043,0.42639765682893144
0.93307311376028357,-0.24671139271062961,-0.2008866489832612,-0.29059497883441376,0.84926382183853444,0.094184824873596737,0.43062133941081282
0.93709634966716426,-0.24393108580242046,-0.1958511301753722,-0.2918766755474374,0.84650879420535918,0.095687261500394249,0.43482733997636319
0.9405794044978989,-0.241782217351591,-0.19071393510486961,-0.29318108594294345,0.84387866827843439,0.097135437040196726,0.43872354728341434
0.94457020145351156,-0.2390212208260806,-0.18525185107982511,-0.29474543833387434,0.84086693877202578,0.098794103094333854,0.4430661836061523
0.94908666517868767,-0.23673583382656507,-0.17918737058263112,-0.29680881240690871,0.83748936522929052,0.099778539532160718,0.44783963095540069
0.95236281591237881,-0.23405274149994287,-0.1747149357143456,-0.29888979326933662,0.83465977803415115,0.10096497543160154,0.45145766152264016
0.95589966024981299,-0.23204106004966579,-0.16955560110965101,-0.29980213339526018,0.83193490412349769,0.10235334416780212,0.45555108281107715
0.95953384546586262,-0.22962004091633889,-0.16399938581265691,-0.30175798013112143,0.82879193868500034,0.10365660236308902,0.45967526862393276
0.96318274668724557,-0.22840838408976366,-0.1589878600543039,-0.30294958662877447,0.82608095180090046,0.10432991211190384,0.46360228480012416
0.96641744925330653,-0.22418153075419037,-0.15380081994268122,-0.30607269482891153,0.82252539750591025,0.10612562585476505,0.46744927797018448
0.96967595154755781,-0.22217986253103733,-0.14891871815307761,-0.30708854793412804,0.81975479085140268,0.10741640240536363,0.47133896836371464
0.97369320760263789,-0.21990110404506721,-0.14294356643345824,-0.30919235513219173,0.81624174860262089,0.10839249771314166,0.475815680495558
0.97624876234286762,-0.21716013597598963,-0.13899612412287216,-0.3106488525728523,0.81364385091650648,0.1097099675884569,0.47900385935049405
0.97942661777906048,-0.2144149909947124,-0.13370567592211111,-0.31306405772576984,0.81023888750622941,0.11115188920298842,0.48285515266956625
0.98265653549061727,-0.21215882250606971,-0.12893064212514432,-0.31498515777931368,0.80720714420956519,0.11188991842202906,0.48649935546852552
0.98561343715747052,-0.20934673942995868,-0.12436618511556549,-0.31581992230395162,0.80432105285989819,0.11362202940689822,0.49032178723337272
0.9889170225906091,-0.20712211295070854,-0.11914623983772116,-0.3187834514560407,0.80089218037649046,0.11393816195745576,0.49393007778360859
0.991718481387457,-0.20365073850746523,-0.11431089140297522,-0.32091743152868801,0.79744100460101508,0.1157531157796588,0.49769575295480917
0.99354368068251619,-0.20154750199945609,-0.11120973277343897,-0.32219903257086629,0.79517731228862343,0.11686877768629948,0.50022246474338716
0.99657214316465359,-0.19829032801988344,-0.10632308874500893,-0.32480639886696322,0.79174958723411093,0.11772566807604896,0.50375992441413842
0.99883803051675868,-0.19670693936131195,-0.10266124829061132,-0.32601344493106776,0.78924460134520547,0.11856443089718539,0.50670570225492018
1.0009315279805289,-0.19407891637856894,-0.099072225739531866,-0.32771109917155766,0.7865198657869974,0.11981125916278472,0.50954607091017845
1.0040903231048943,-0.19249683016273378,-0.094061583735116611,-0.32954043127288352,0.78341083240048448,0.12014166920589713,0.51306583510742854
1.0058547308545387,-0.18938488930486602,-0.090708768461496656,-0.33139290376727371,0.78042677811190153,0.12160325927006108,0.51606727727445545
1.0085390242550594,-0.18608007110688968,-0.086118734091316498,-0.33348290675522357,0.77713925509387793,0.12272244084655827,0.51940632611365256
1.0105267928949531,-0.18417979118809014,-0.08259965181192655,-0.33525820862745898,0.77438640639681,0.12349554407718248,0.52218433309399703
1.0124376421757433,-0.18243100703699205,-0.078893601392761081,-0.33637535851616707,0.77184267040939281,0.12453056479183776,0.52497871266465956
1.0140595157929173,-0.17920969709999243,-0.07576532577729958,-0.3382425529735158,0.76912208261804138,0.12585626344354481,0.52744990126008562
1.0172998070943331,-0.17320741248769034,-0.068470749788297383,-0.34235337650012382,0.76298623931255438,0.12863060737101362,0.53301062941184763
1.0190701037324057,-0.17165591621234552,-0.064752013256536137,-0.34371971353148645,0.76034674303962968,0.12940505766200955,0.53570880143073274
1.0206342240927191,-0.16946937141107099,-0.060411730963536539,-0.34505354356446277,0.75718565120121262,0.13114007515501505,0.53889722802862872
1.0222812037557951,-0.16737737279876397,-0.056280779938013017,-0.34627667460179884,0.75428349252393589,0.13245864371276567,0.54185199569475428
1.0222812037557951,-0.16737737279876397,-0.056280779938013017,-0.34627667460179884,0.75428349252393589,0.13245864371276567,0.54185199569475428
1.0249922397899769,-0.16176781787293099,-0.048232415714542981,-0.34874472058478395,0.74801728510713361,0.13628509058741725,0.54797229412514414
1.0261666251776687,-0.15893580733665369,-0.04351281668754578,-0.35092174090228545,0.74422692203635077,0.13818285700119043,0.55125830452646885
1.0279171592744207,-0.15565282415426532,-0.037332727880825964,-0.35193804773513265,0.74000049721895433,0.14097107583764296,0.55557720476029371
1.0287177867816715,-0.1533558262637949,-0.033525001955797766,-0.35350021098907591,0.73673065291421902,0.14277785467548643,0.55846220113946199
1.0287177867816715,-0.1533558262637949,-0.033525001955797766,-0.35350021098907591,0.73673065291421902,0.14277785467548643,0.55846220113946199
1.0322676537738844,-0.14866454713301475,-0.021838254731301743,-0.35492978264176694,0.72884087607240655,0.14679746360080015,0.56680360923360973
1.0322676537738844,-0.14866454713301475,-0.021838254731301743,-0.35492978264176694,0.72884087607240655,0.14679746360080015,0.56680360923360973
1.0335045622709425,-0.14542426254138935,-0.016101263523654485,-0.35618060370758353,0.72440796361556792,0.14960328814631696,0.57095300679535554
1.0345440650321382,-0.14195956893070572,-0.0099517889106239994,-0.35634285119725051,0.71990311604974544,0.15308706118815879,0.5756071816779682
1.0377529878769911,-0.13689403183798937,0.0035135033582199549,-0.35755663266317494,0.71067908544019387,0.15793228829076184,0.58493237581083246
1.0388140290667838,-0.13362465557312858,0.0097605573660165396,-0.35810906603522014,0.70577104223139864,0.16099828492575002,0.58968185068047907
1.0408108669274287,-0.13006118807010017,0.018214328449837065,-0.35892613078935182,0.69999729936175603,0.16375043587005358,0.5952827968916965
1.0425071998204525,-0.12780624959043241,0.02517913610569349,-0.35896174025101002,0.69521374051695473,0.16595250185914404,0.60023669594509266
1.043709073904596,-0.12406023602984842,0.032774367150498702,-0.35951027254490753,0.68959790625172657,0.16929103606057663,0.60543177711238261
1.0453752720844964,-0.12253535258427466,0.040748077895482127,-0.35883637360105636,0.68436401783745504,0.17186996609361188,0.61101805441836088
1.0471027516731177,-0.11875601043707487,0.049398804000235899,-0.35973250652098887,0.67805180301210177,0.17440396109062309,0.61678321518996049
1.048129720701622,-0.116041778180051,0.056340378698637547,-0.35955886566452011,0.67300705340853972,0.17717323076131081,0.62160162040168288
1.0499722743948952,-0.1131393795386669,0.0649921900206685,-0.36013960753201435,0.66683277523095119,0.17918498714573428,0.62731670896450498
1.0518037315310602,-0.11074349180956108,0.073986963071720743,-0.36034153299517563,0.660870856796692,0.18107714768757566,0.63294135338183144
1.0537962765665834,-0.10914379380334581,0.082721579636696213,-0.35954864334482334,0.65509522137003873,0.1828803859701521,0.63885036466644129
1.055360847355814,-0.10703156098394226,0.091707842908514095,-0.35911438727118544,0.64897648100683358,0.18503814230663285,0.6446916083264449
1.0566424016167417,-0.10505608657490931,0.099956074408201229,-0.35880659008891763,0.643139910270217,0.18716444453290895,0.65007565515797328
1.0584013217211226,-0.10220435710268334,0.10928043346183716,-0.35874856825377371,0.63676138888970524,0.18895552289160605,0.65584312816700352
1.0602528991186717,-0.099873966146072565,0.11963387147704892,-0.35822638974138393,0.62986486138909303,0.1908107013952195,0.66222004372656751
1.061953497813076,-0.098574457860676173,0.1283032064294379,-0.35787719968505005,0.62401626704105739,0.19169376026847365,0.66766841372635233
1.063697065136507,-0.09641614140950748,0.13869293661785842,-0.3570985399465228,0.6170915724531657,0.19330417316566606,0.67402679517366304
1.0655467780459644,-0.094782346096512579,0.14813894796419375,-0.35583387205008465,0.61118179379488469,0.1947385657496796,0.67964399610771853
1.0674221257170688,-0.093360766083580099,0.15784990320572825,-0.35499882209355671,0.6048355892575642,0.19532509285764016,0.68556389518395466
1.0688994195384383,-0.092049567857676526,0.16807501913897321,-0.35486267801475185,0.5980058060946265,0.19616132703754471,0.6913626178816612
1.07037730583817,-0.090743020692186968,0.17753362604669376,-0.35270427857197717,0.59203747690332442,0.19771349715121828,0.69713749781746914
1.0722491600416189,-0.090294609630946029,0.18703252193100497,-0.35179205817273507,0.58597056074054577,0.19761031386045314,0.70273111045973657
1.073875709237806,-0.088453064504927237,0.19754701886612883,-0.35046862940091583,0.57929394229289455,0.19864901856523931,0.70861049643063234
1.0762038336680535,-0.088349733710868586,0.20867900638960771,-0.34925076667530414,0.572653850860119,0.19785101579463557,0.71480517948656452
1.0778739817154412,-0.087809271986709195,0.21710852078196441,-0.34673199420735784,0.5674445878850306,0.19837671815112601,0.72002100078300868
1.0795008436925091,-0.087280277836456643,0.22789029933378019,-0.34527457735486505,0.5608470144782145,0.19852703260662119,0.72582581237353516
1.0814627276004476,-0.087366923660679122,0.23811040643316667,-0.34352118759802824,0.55495171249560082,0.19789738600046158,0.73134015005578934
1.0838112291213302,-0.087799231747876752,0.24697479451055659,-0.34135179349281292,0.55016475786528762,0.19662245754593641,0.73629973616107314
1.0852612208927097,-0.087033966482936709,0.25729376433225104,-0.34003669181364515,0.54369318102746444,0.19628045872572547,0.74178619200352314
1.0871888079955578,-0.087406899478031638,0.26715177741716023,-0.33818872354969959,0.53819560060675875,0.19516292515518624,0.74691720785922866
1.0891764198744909,-0.08787148783797781,0.27654202595886596,-0.33519527713097869,0.53309898132276057,0.19436449859644747,0.75211172307515117
1.0904659024894605,-0.087467781178458798,0.28690451238280368,-0.33374969843754382,0.52695920598558721,0.19385806100310865,0.75719494597098491
1.0925059885457393,-0.088412131328389709,0.29568372101220158,-0.33105545692717647,0.52236305545584849,0.19225725816089023,0.76195555606480436
1.0940184711553786,-0.090230528192929815,0.30518019193214674,-0.32843773481121841,0.51722500208693534,0.19111654019850544,0.76686466839384293
1.0957848751880575,-0.090794144551992292,0.31511900731211667,-0.32603767912761139,0.51199321781770391,0.1896198489258171,0.77175558928400645
1.0978101811659284,-0.093645044040945202,0.32270174074928948,-0.32259521925261642,0.50854593288627481,0.1877901799875048,0.77591765475496521
1.0996069884209994,-0.094165593808603038,0.33146187023254925,-0.32006215974099717,0.504185903402257,0.18607535070064943,0.78021327377455496
1.1010764755762528,-0.096335509946365985,0.34123208839214181,-0.31686627336784057,0.49946696218487513,0.18499328211811886,0.78479679157024806
1.1028714941084876,-0.098744687606819689,0.34881894530048563,-0.31380858261396044,0.49596026956028955,0.18279936709083125,0.78875343161642952
1.1047922471312934,-0.10100153372934852,0.35923890278275739,-0.31090585597187465,0.49129644991544419,0.1803548812227857,0.79337094970889388
1.1065525750774781,-0.10310048853021141,0.36669219242587681,-0.30717887866461913,0.4880332563322381,0.1786202561353511,0.79721984503287469
1.1084552729336152,-0.10556953150579662,0.37453857707077209,-0.30334320205792331,0.48512798831231557,0.17680792703115228,0.800857473999112
1.1104419828267329,-0.10879403917483699,0.38227192811746391,-0.29952965424649414,0.48228547874776279,0.17428060896006431,0.80455513953769875
1.1123678980034146,-0.11255989080796085,0.38948189332092659,-0.29562120253762947,0.47972371597479779,0.17172512648643509,0.80807409429751864
1.1141823344163648,-0.11512568850994676,0.39644426874329686,-0.29162371121377884,0.47726610473504782,0.16984394851933124,0.81137273153606759
1.1165659967096595,-0.11998041201045954,0.40358712056658463,-0.28686110005550575,0.47552432982362197,0.16691920423127266,0.81469337807517439
1.1183605003843193,-0.12340301061690935,0.41018462641129616,-0.2825913609009435,0.47343249384862235,0.16480893663388829,0.81782749459652782
1.1206542887451791,-0.12897263140363158,0.41707386306074584,-0.27684851810424399,0.47192108429228252,0.16232998217718758,0.82115428824931203
1.1225374429534978,-0.13207623678467872,0.42365863085166405,-0.27252135504197617,0.47007545708728027,0.16008527318768073,0.82409579600838601
1.1245776857308374,-0.13731393114616541,0.42998798230079038,-0.26746018519117204,0.46877986906326968,0.15753034046068487,0.82697924734110972
1.1264976543276961,-0.1412392446342175,0.43527404086315186,-0.26311368285909548,0.46770766798972369,0.15498326624358161,0.82945820532466175
1.1284727817020062,-0.14602897990105923,0.44115906586837905,-0.25834573760635809,0.46656019856938485,0.15226516442250226,0.83210238593271157
1.1307634611160717,-0.15205463842099243,0.44653281086951602,-0.25318713423925204,0.46592822273330337,0.14866573627701266,0.834688963131485
1.1325550482317013,-0.15754386320215227,0.45209978746998769,-0.2482884520421606,0.46461222956925036,0.14532893474519573,0.83747705726367483
1.1348025459811792,-0.16349440192884407,0.45684405553705043,-0.2437256280209911,0.46426901415645599,0.14115337230134026,0.83971889714828085
1.1367089350339037,-0.16826404533470199,0.46072321308438224,-0.23911752385786994,0.46392844147372031,0.13802236385152583,0.84174998547827895
1.1388077832797874,-0.17446929025630001,0.4661314948082303,-0.23427914474577369,0.46330788188466798,0.13381454671750689,0.84412840019011304
1.1405101127568238,-0.18021833472340851,0.47055388514675872,-0.22984701720898484,0.46286052761215829,0.13045023835172309,0.84611654987519647
1.1425735905883785,-0.18588200193330023,0.4743935110090739,-0.22512026689428588,0.46311371201334756,0.1269803851868424,0.84777505091649452
1.1444148039941249,-0.19253804164736787,0.47859990909157907,-0.22099160381966484,0.46295733423668256,0.12241269847968619,0.84961658939111961
1.146415175494254,-0.19973364936909199,0.4818143406865627,-0.21528315440901816,0.46340007441407238,0.1187739962269309,0.85135554986211237
1.1478779033880362,-0.20530934500540937,0.48496216006292925,-0.21207887813962617,0.46329031096791307,0.11447817209828721,0.85280676904169028
1.1496764979557861,-0.21008387864604577,0.48770636739468337,-0.20827576758595717,0.46370039649595346,0.1106365837074437,0.85402733754343108
1.1514035700540315,-0.21652537215098552,0.48989710447909718,-0.2043812895122038,0.46442288786739949,0.10631394561516112,0.85512397621044989
1.1530335265475566,-0.22405460488982282,0.49297876273792351,-0.2001430991378286,0.46459676100602687,0.10105467471331697,0.8566682801696347
1.1544866345504481,-0.23002890961133327,0.49614256245050004,-0.19663597398243116,0.4647288305628548,0.096551615629012391,0.85792726573940359
1.1560431741115942,-0.23591156636274924,0.49885203866782779,-0.19329099760009064,0.46509222372776099,0.091628877188412089,0.85902966336437925
1.1576864213124742,-0.24409001652115273,0.49994300463918107,-0.19007491490069703,0.46631422820807467,0.085498754688024078,0.85971654063592229
1.1589305101041252,-0.24940551338113293,0.50280711483845275,-0.18691275836692114,0.46630898918216385,0.080904559759875899,0.86085654994176475
1.1602394557210256,-0.25582585361066407,0.5044409178778585,-0.18434140241271879,0.46712306382861235,0.075725694905491428,0.86144060139220435
1.1618428086143691,-0.26224648862305444,0.50603281517793597,-0.1804174395443284,0.46832808044433921,0.071278756163585769,0.86199634308700024
1.1631972859701447,-0.26976922564114858,0.50690389351629916,-0.17736618884382399,0.46954865585802225,0.065631124639430619,0.86241396690655758
1.1644501970028522,-0.27718195832324988,0.50812977742930032,-0.17394169578846361,0.47069419890738329,0.060616847836481441,0.86285390150334207
1.1658606229039656,-0.28380708794130655,0.50893234118232367,-0.17135049138363875,0.47216619913025942,0.055156941774476186,0.86293441307874408
1.1669646416648325,-0.2907299040299493,0.50972800404054797,-0.1681286672874486,0.47340008036528808,0.050581897531454915,0.86317239691060688
1.1682406909276339,-0.29659607221875794,0.50987949107175401,-0.16578393906702305,0.47504497252847566,0.045882273299670914,0.86298480671428734
1.169459194869515,-0.30363522508291196,0.5104547993525721,-0.16257929656858261,0.47677438328208888,0.041390204335006182,0.86286789878773151
1.1708126752793677,-0.31172791949499901,0.50986185421029329,-0.15904228970669326,0.47925479228909457,0.036641037288174222,0.86236757159533517
1.1718190485402682,-0.31838385040456751,0.50997720527489432,-0.1564682352133519,0.48096725016344483,0.032172159882112888,0.86206330844547208
1.1731129851123434,-0.32526349341129068,0.50934993732349465,-0.15294487930199596,0.48337061083929045,0.028247910527904908,0.86148869523804916
1.1742342483157309,-0.33255802854168487,0.50956759612309943,-0.14994815692548352,0.48564986162385371,0.024064422446828413,0.86086042173611566
1.1757037528164329,-0.33994390723295281,0.50724407197315302,-0.14700841612911486,0.4890582648189607,0.019459225848761887,0.859553301272727
1.1767135220826646,-0.34659819960930732,0.50708049627862617,-0.14410895464215448,0.49126622323167651,0.015594363078745609,0.85886373945102501
1.1782747866623267,-0.35399758392480113,0.50517095512876597,-0.14132329142090796,0.49496456619648693,0.01084701378839761,0.85727483796257486
1.1792735919528088,-0.3627758056084236,0.5035073384729134,-0.13790200392624891,0.49822551497377515,0.006503427789866123,0.85598602732125439
1.1806107335148961,-0.3685212082267858,0.50171885100368985,-0.13586178427106213,0.50148715790712894,0.0025010716540291985,0.85442726470396246
1.1817689858188878,-0.37728714217942844,0.4987286786765931,-0.13259412102233839,0.50549662399404882,-0.0021078417534649129,0.85257698725925901
1.1828908111683534,-0.38549734775749328,0.49696873617122139,-0.12918253912690592,0.50908843224511602,-0.0064706442213177074,0.85094005106252724
1.1840894999791207,-0.3930426841141052,0.49430376812963045,-0.12636739712777775,0.5130799754665154,-0.010703872100624264,0.84892028297154243
1.1853004504098972,-0.40105392908552739,0.49072776193310946,-0.12320179830028594,0.51743272565304166,-0.015149723490486242,0.84667300488264152
1.1859348080956789,-0.41002056494571054,0.48849683106306202,-0.11979643613824131,0.52100667543685253,-0.019455396954620136,0.8448800776253117
1.187138917235641,-0.41715696572855926,0.48596501603057735,-0.11656606311890036,0.52508429197131445,-0.023390728637859851,0.84270499765204532
1.1881683687588744,-0.42556380649513464,0.48228417182181288,-0.11248707464897185,0.52956890747834162,-0.027360992078017742,0.84033017700283674
1.1891752307238104,-0.43463805696756602,0.47838160602066782,-0.10924791522290134,0.53437954087667006,-0.03282698487631118,0.83751166462074977
1.1896679098787946,-0.44354332999866941,0.47579973481551852,-0.10548834291251127,0.53824324930517553,-0.036976996430020379,0.83534371118839046
1.1907820834505942,-0.45166307850703391,0.47129663910581132,-0.10199282417712785,0.54331165156509253,-0.041819215300793737,0.8322626186016111
1.1913548134659253,-0.46074362193705481,0.46731057764387546,-0.098540478479395691,0.54789753110126693,-0.046860305714120615,0.82939868655705451
1.1919585234258954,-0.4701377030869941,0.46302984968243849,-0.094758360414764028,0.55279826333474968,-0.052143556139094431,0.82626629045287781
1.1924790515147206,-0.47977341693850895,0.45754948824470676,-0.09119513082946118,0.55828844854376225,-0.057460035823872685,0.822615220269304
1.1928163544737105,-0.48888532039992716,0.45312264064923657,-0.087808657602700776,0.56309483749448408,-0.062718534342604215,0.81931692835372794
1.1931788348436625,-0.49788480992372108,0.44856976367791546,-0.084420750001688777,0.56804994134081632,-0.068175707825139945,0.81580909162278192
1.1930727869924014,-0.50830242892690891,0.44314781454981444,-0.081319176094770698,0.5733822366836252,-0.074312011312295839,0.81184834004244422
1.1931488991067587,-0.5175986949978334,0.43683826693814487,-0.077665851975152231,0.57898219854021316,-0.0793369980283858,0.80774579538017943
1.1934479237622435,-0.52472682002291482,0.43250504258024014,-0.075241167181656604,0.5835535629940114,-0.084367277304704585,0.80416799762134739
1.1930730550709712,-0.53449853208339959,0.42617914511222088,-0.072559102943939024,0.58902658725242263,-0.090491568912363166,0.79974629229869765
1.192767963036329,-0.54272662327901589,0.42150429062407513,-0.070012045357290886,0.59358753147531629,-0.095619595390326176,0.79599563375644178
1.1924806074466872,-0.55186462150750759,0.41455338506846828,-0.067581187362236381,0.59960359018489706,-0.10169698987048957,0.79092732915443864
1.1917778172877618,-0.56132058025215281,0.40756160235255451,-0.064702631875969682,0.60533966674899486,-0.10716823925500134,0.78606133716366
1.1909400112783546,-0.57066804940624261,0.40137339512220738,-0.062261254830411887,0.61071344933560157,-0.11310395515464391,0.78125547311742427
1.1900693590419966,-0.57908178988065051,0.39544562370792707,-0.059893109073373751,0.6157023993259263,-0.11817038641912588,0.77676195241745527
1.1894017456112163,-0.58701180995786606,0.38727133912536627,-0.057400272427596488,0.62187291466631001,-0.12302528425268022,0.77126134751082476
1.1881913088471596,-0.59593319669537925,0.38119366431518925,-0.055201561055371377,0.62714063327207681,-0.12851011968191722,0.76624575881076684
1.1869025423702757,-0.60429917404124778,0.37418624391948407,-0.053454582965856777,0.6325660365611564,-0.13385011094967089,0.76097763748221736
1.1854778401564114,-0.6125151292776857,0.36626246145179087,-0.051082210528029991,0.63830244390068702,-0.13827980170330081,0.75553907530906439
1.1841643182683392,-0.62021459100589449,0.36017460636012899,-0.049409287465519501,0.64334614323630601,-0.14333584146366338,0.75041275232169646
1.181970702501131,-0.62971109291936744,0.35276653890820364,-0.046865584561690495,0.64878371115800859,-0.14823352728776903,0.74492290507646419
1.1799659390221802,-0.63831576029421133,0.34452060745133128,-0.045593255033065848,0.6547178939366568,-0.15391327534300139,0.73863146299614657
1.1782972263048526,-0.64547168153518886,0.33686138830757234,-0.045135270363766529,0.66040720522208152,-0.15928140860168827,0.73243058615394485
1.1760337831043048,-0.65354818439169216,0.330225300268082,-0.043553895843716356,0.66523830392978556,-0.16395511045170741,0.72710369198500524
1.1739556818350951,-0.6604642619094101,0.3222920314042978,-0.042772334088961333,0.67057806867834402,-0.16851833832430893,0.72117761397080116
1.1715486410718614,-0.66829429978661958,0.31510319258080671,-0.041808648197921627,0.67574161074290418,-0.17365749394818966,0.71517018061583226
1.1691411675434684,-0.67523335115677285,0.30660835975167461,-0.041348239922073642,0.68125848222425611,-0.17849342581782257,0.7087434658553593
1.1668409008810905,-0.68129528094163683,0.29893405886404528,-0.041177692861484004,0.68621367009069123,-0.1826143319555294,0.70289914095530448
1.163883968980856,-0.68881542586200606,0.29209517445723066,-0.040757778985588265,0.69072116580798659,-0.18740795367752069,0.69722401956288205
1.1611645809230071,-0.695565656960488,0.28410850377208435,-0.040778220338325177,0.69599409338606211,-0.19247678781263849,0.69056646665696209
1.1588331927933273,-0.70068752147517843,0.27738308444085152,-0.041708385982359181,0.70030273945377142,-0.19659728521579437,0.6849715257571436
1.156210200894249,-0.70619998023199893,0.26990503257618043,-0.042021526364400756,0.70493702668711888,-0.20065765678827829,0.67899520211837106
1.1526936520266577,-0.7128922846283946,0.26057623263290974,-0.041247402500034787,0.71021595200917464,-0.20432091271571406,0.67241722012878236
1.1505295531152184,-0.71682507213950908,0.25405565406870356,-0.042964968424058121,0.71436314079893126,-0.20834988004953472,0.6666555647705571
1.1474796428648897,-0.72207811857694992,0.24658682559442452,-0.042564547843086081,0.7186111010197862,-0.21119453357336676,0.66119831650328054
1.144981939429389,-0.72585483110912941,0.23940511151578064,-0.044889819433167437,0.72283527254837421,-0.2151642761533635,0.65513235848840057
1.142010191317953,-0.73036279588437769,0.23220149488200575,-0.046095330608315291,0.72678335262816784,-0.21849105460525192,0.64955587742407117
1.1395203287749442,-0.73351593037854124,0.22497933385170907,-0.047843334772372119,0.73074942541625265,-0.22150560585046619,0.64393443699533048
1.1361285068941709,-0.73791144019244181,0.2167682307942066,-0.049312954796577636,0.73501738164310815,-0.22473857431259023,0.63781678747715997
1.1332660953902685,-0.74112144654572309,0.2090502910424831,-0.050022056235674593,0.73911449770270177,-0.22674962066801263,0.63229120087389357
1.1310058721354133,-0.74390341100328994,0.20425056688194004,-0.052377619189048145,0.74197412568541743,-0.22975804600452485,0.62764816746138119
1.1279780495320617,-0.74638643287711481,0.19555149564798446,-0.053326779761466096,0.74607534785353047,-0.23112412002211119,0.62218122040890178
1.1247041973711787,-0.74981967169270525,0.18801626135600616,-0.055521663066593702,0.75018685924508821,-0.23428386212795058,0.61583122127147905
1.1220175233634238,-0.75146480823810846,0.1802384079696277,-0.05752683370312079,0.75384478934128896,-0.23573827157495705,0.61060311520817923
1.1187717122938747,-0.75476032228873979,0.17380098870095295,-0.059661116756408158,0.7572357281904204,-0.23835227846306994,0.60516344441048775
1.116071940148625,-0.75561058033128659,0.16563226232171049,-0.061987372499318454,0.76114816979010458,-0.23949621450695976,0.59954365355046579
1.1132855377928605,-0.75726746844646198,0.15881061526072185,-0.064987829800173438,0.76440568225099292,-0.24149404439463418,0.59425681438430322
1.1105039618190786,-0.75864335040100728,0.15185233069291748,-0.0674512952679239,0.76770030612074203,-0.24298153524450197,0.58910655766085562
1.1079072901233227,-0.75856316434254834,0.14360566872427302,-0.070351279191228508,0.77139329993727634,-0.2437961343353274,0.58358077351056381
1.1052082442724245,-0.7593548815029334,0.13678492168878262,-0.07346358567393152,0.77468441401479171,-0.24523788972127808,0.57820890490162979
1.1024059417361813,-0.75980336631106071,0.1294669801498578,-0.076648360963736936,0.77801380500935735,-0.2462657192283241,0.57286363430522524
1.0994301268464264,-0.76072727231459369,0.12297546216859247,-0.079935347261354039,0.78094586122095988,-0.24743828865989215,0.56789805018605588
1.0963918632458312,-0.76063422009438331,0.11465322874491574,-0.08295784314638506,0.78451158398399023,-0.24791967408882676,0.56231255192741358
1.0947062686377309,-0.75888229409874464,0.10865091635974136,-0.086467043531592569,0.78707494908279774,-0.24764494520554842,0.55830856703382037
1.091682787228945,-0.75867636896539237,0.10099190053456425,-0.089650189130880811,0.79030633756722868,-0.24799008754256885,0.5530638777487642
1.0902836335588406,-0.75669241248642827,0.095569056355726378,-0.093289733657729287,0.7925777304950653,-0.24786763249951721,0.5492533144883569
1.087485278581793,-0.75558401656934904,0.08817133195226548,-0.09621897873848044,0.79571802952640436,-0.247383023596558,0.54440459701711286
1.0855755065232782,-0.75404749258421644,0.082333158541640444,-0.099494864571870109,0.79813842347092689,-0.2472245516906989,0.54032939022831383
1.0826493008398352,-0.7523449265022113,0.0742265142867998,-0.10293303895973249,0.80120285337373209,-0.24634144207237368,0.53553213830171509
1.0805882451032025,-0.75062374133765464,0.068531795581600774,-0.10629251380937349,0.80359685743734055,-0.24585673730049268,0.53149643173672478
1.0788035133727845,-0.74757721472053751,0.062223826724096841,-0.11052362708702047,0.80597909214428032,-0.2449146409571353,0.52744577875517085
1.0761791392790208,-0.74540278160594298,0.055007605360689202,-0.1136421501725423,0.80866270641371862,-0.24356869101313361,0.52328231550277915
1.0742741050104192,-0.74207733617272154,0.048428538402148683,-0.11655379111696336,0.8111262349978724,-0.24169829992816166,0.51968391978805351
1.0728864114121011,-0.73771269255012029,0.042286528882766579,-0.12016264082999287,0.81324198809906878,-0.23957399473080446,0.51652948569288948
1.0701626190727844,-0.73591733106863055,0.036086076110756378,-0.12262951466254027,0.81569622673897779,-0.23810848362213938,0.51274361804374446
1.0688204987266734,-0.73138521013361535,0.030001964354470438,-0.12691252112373991,0.81765499416050291,-0.23648805030226899,0.509320061032977
1.0669033438845901,-0.72712742153954335,0.02328826809930732,-0.12863428356063561,0.82007984262778233,-0.23338053542040529,0.50641465075106062
1.0653840353955049,-0.72317322147163177,0.018391710836272057,-0.13152406072761866,0.82179283612454956,-0.23088186667982552,0.50403523644932446
1.0633821366844041,-0.71878645328231194,0.011950328138803243,-0.13450041027363754,0.82388908354817492,-0.22814821409355387,0.50106367864004397
1.0621085771517502,-0.71318583436026894,0.0058718227890037569,-0.13775896102664231,0.82574348195894232,-0.22498039267510225,0.49855189656738702
1.0600604056168581,-0.70902706568616691,0.00012076520217169789,-0.14057522321323021,0.82777396925757674,-0.22228085378196946,0.49560073091155288
1.0582848582457087,-0.70337769121488936,-0.0066119342914240514,-0.14400719068551376,0.82986357280544398,-0.21923621513067792,0.49246711721355024
1.0569655176375776,-0.69857528934229862,-0.011398426624561198,-0.14728837851505172,0.83130124669178151,-0.2165185482176572,0.49026940459385648
1.0556559297915646,-0.69352258613860795,-0.015992978253473608,-0.15008694499588385,0.83277624722940358,-0.21354671554296997,0.48821658234140675
1.053482069294962,-0.68799366094125525,-0.022797914422346438,-0.15180263423151183,0.83505691150861294,-0.20964829373102403,0.48547245824839608
1.0526034479062834,-0.68195148074174394,-0.027191962444163817,-0.15486008745108223,0.83617421936724534,-0.20608960192797823,0.48410546801021398
1.0503885342979431,-0.67619212786956051,-0.033716044818285537,-0.15696756358108022,0.83824948290563073,-0.20227045552827408,0.48144122300883907
1.0492322173245885,-0.66974517853225934,-0.0388176207460856,-0.15888735906080356,0.83981023318686654,-0.19826268471291741,0.47975565365686962
1.0476647165779727,-0.66388901466201855,-0.043909172325131744,-0.16072226747767507,0.84130370384835806,-0.19437891793919257,0.47811428224709762
1.0462590175040771,-0.65756524943633987,-0.049003936201580299,-0.16253805174214389,0.84280579132112476,-0.19053790982979749,0.47639803186949964
1.0442944252074935,-0.65186865505641811,-0.054491233789081675,-0.16298047671613528,0.84468131860581197,-0.18654882611224813,0.47450012611575798
1.0427635428789559,-0.64617500272479922,-0.059468928198941381,-0.16380319141279415,0.84613871275586672,-0.18261148925411883,0.47314990991357198
1.0417672449430866,-0.6384418118923969,-0.064323478203456685,-0.16468428501697233,0.84764648872000226,-0.17786640166080792,0.47195133180163368
1.0410259895428986,-0.63146864848796291,-0.068233675795412271,-0.16672115316576083,0.84859837295014673,-0.17406542452838539,0.47094170180309525
1.0386984919444338,-0.62568301777640944,-0.073893264227468669,-0.16750821079070582,0.85047261335645563,-0.1702201463372178,0.46868159237298107
1.0380923049039696,-0.61752482351346405,-0.078079713323078143,-0.16882519410887076,0.85163143452970014,-0.16569295133745704,0.46772620135296039
1.0363408439914199,-0.61127382806640873,-0.083048676010283914,-0.16965036075922785,0.85305028552561191,-0.1617414225689805,0.46622277688278829
1.0343473341899048,-0.60451355642387461,-0.088057305533614488,-0.17052214879449198,0.85470244658752503,-0.15747920343312846,0.4643341739026704
1.0338271378396269,-0.59662102572733222,-0.091773596545447339,-0.17201601863393054,0.85555549957312127,-0.15316327911822178,0.46365535305145755
1.0328956815067816,-0.58974404270049885,-0.095458997237266197,-0.17315834884388343,0.85661436879291974,-0.1494634137656746,0.46248102377143901
1.0313750008374645,-0.58178324850405272,-0.1002747634097584,-0.17468833619009205,0.85788867988852335,-0.14501529923093423,0.46095722264351885
1.0300331210534821,-0.57443275250126336,-0.10435622841428649,-0.17546542166456927,0.85907791664188704,-0.14057819675820912,0.4598203883414913
1.029310989889519,-0.56637015143083702,-0.10770967186378771,-0.17724514844489422,0.85962702077556385,-0.13598570197363416,0.45949258031443085
1.0282724329433099,-0.5576606612052224,-0.11189147986338382,-0.1783677243849397,0.8606135642960433,-0.13104712228495047,0.45864572339468235
1.0270049924821774,-0.54990593559302303,-0.11593915130745902,-0.17992347433577149,0.86156798471744689,-0.12697674822410834,0.45738939264405082
1.0261444008563996,-0.54252682575414657,-0.11880691717333808,-0.1816971128320706,0.86216956147619861,-0.12308448407753744,0.45661802004716739
1.0261278089237482,-0.53367348355591615,-0.12101566705387259,-0.18379565719526481,0.86226884170999918,-0.11844076525348536,0.45681876727913201
1.0253858787593311,-0.52446838432402998,-0.12446655643047895,-0.18608815318114183,0.86272640048791716,-0.11377848169264979,0.45621137014602042
1.0252134613977386,-0.5160256186420269,-0.12654247470053359,-0.1890098715109482,0.86261563355376503,-0.10982206087210103,0.45618927230466089
1.0243842008835129,-0.50707052882213821,-0.12972333433559369,-0.19076434547182639,0.86291829772915074,-0.1048772700854481,0.45605014434857316
1.0239946256650949,-0.49850074634163616,-0.13213261275272342,-0.19247396850271475,0.86288748341696186,-0.10014084911899228,0.456454568110437
1.023314950162272,-0.48960299470516405,-0.13476918786402411,-0.1936828493933534,0.86322323813548085,-0.095149395779889859,0.45637614691884182
1.0220820027021766,-0.48275555899967004,-0.13787998127992951,-0.19461954099280965,0.86366007449893323,-0.091125757533836893,0.45597215517411738
1.0224525806536002,-0.4738103752924015,-0.13943424995591081,-0.19614196884971699,0.86331719437946575,-0.086534661205169658,0.45686267340923226
1.0231506041983927,-0.46435508379477242,-0.14048009483509902,-0.19795202779746621,0.86262855436145125,-0.081679145456199753,0.45827446916524672
1.0228672364687863,-0.45777013021834262,-0.14216228729109445,-0.1977655994306321,0.86263620531685559,-0.077658661410348509,0.4590388624793455
1.0227936266023234,-0.44958991417190453,-0.14378228116560227,-0.19912569890487358,0.86229066922236508,-0.073363710473680413,0.45980596319885364
1.0235978042585854,-0.44112098543412842,-0.14437259488259835,-0.19908457136009908,0.86144621245798891,-0.068294401120814044,0.46218138351052224
1.0240603031192872,-0.43275699669712742,-0.14559103956360847,-0.19951115372305567,0.86094327565819462,-0.063736617936780093,0.46358345437797288
1.0240817016500907,-0.42613794008892741,-0.1467315120149621,-0.19877346453003977,0.86066852071620181,-0.059763256420590875,0.46493780275313873
1.0256823660742782,-0.41842405930066207,-0.1462876086817762,-0.19876429998614709,0.85949003489282116,-0.055644508594486115,0.46762519354097259
1.0266708921652379,-0.4119411451957703,-0.14636315279540979,-0.1971934182593561,0.85883711954241182,-0.051611248731424093,0.46994663196544639
1.028175159056264,-0.40455709839714299,-0.14605337154092918,-0.19656067630042642,0.85779042814833395,-0.047650647024141429,0.47253454661812549
1.0291675663879396,-0.39794211912211064,-0.14597851858605224,-0.19481742741298172,0.85709405276157402,-0.043686162473334587,0.47489732985697114
1.0303226942203862,-0.39209621463187672,-0.14558032607640814,-0.19270766660682989,0.85633008822179002,-0.039957805810231693,0.47745775623801939
1.0325980098211851,-0.38591624233568422,-0.14420850101158517,-0.19010825733979744,0.85508098740495475,-0.036442973346399586,0.48100651259984684
1.0342013455657244,-0.3804680881400288,-0.14352358929591974,-0.18758519683296063,0.85435523683720527,-0.03349190645401906,0.48349479358112796
1.0363474850497703,-0.37498954244733806,-0.14172239760846655,-0.18474212173204893,0.85329304989830501,-0.030399814355794183,0.48665919362560356
1.0380243419818425,-0.37089745092676535,-0.14080496442745266,-0.18118283980193961,0.85268642851054344,-0.027968761803994054,0.48919973585273951
1.0397890138939574,-0.3687749823207303,-0.1392353992753658,-0.1776649554577793,0.85202112768478422,-0.02669004571339539,0.49171414769228533
1.042073274080809,-0.36386944003046995,-0.13771555883208128,-0.17360694174242064,0.85131833907115473,-0.024149196359595403,0.49450432925825816
1.0438972359886707,-0.36019384882153066,-0.13678678225802965,-0.16907418295837751,0.85108292422125509,-0.022353263440921176,0.49656027667292846
1.0460741976306505,-0.35788953215408553,-0.1350879156419407,-0.16382849097156163,0.85045824164362815,-0.020767713367621829,0.49944940369159446
1.0482840702150045,-0.35581827236726649,-0.1334721996255194,-0.15833111679626616,0.85015428950467375,-0.019586134401841936,0.50178214877578464
1.0505953512240473,-0.35425427656521058,-0.1317573319548295,-0.15316323753493047,0.84966678118967909,-0.018870070314176996,0.50423338252928729
1.052706515155976,-0.35220224331499556,-0.13017311411689669,-0.14752329299196054,0.84905759051964524,-0.01735440468307942,0.50698807741787999
1.0550027817793806,-0.34989597649016896,-0.1283980299667497,-0.1422568234956034,0.84851421643974778,-0.016167180243407631,0.50943620106109322
1.0568247620080635,-0.35001791947691108,-0.12726896853473904,-0.13629186572650706,0.84836798207137143,-0.016176702138002881,0.51130676569049549
1.0592535426746701,-0.34830082738761142,-0.12537874352220918,-0.12981857676783534,0.84779756821710883,-0.01487427066144857,0.51397001519876651
1.0615643902208449,-0.34779829126141626,-0.1232378578413072,-0.12403879391662,0.84718120899530158,-0.014325967861372333,0.51642341481947185
1.0640622902684485,-0.34762390886936206,-0.12108022916196128,-0.1172812818014201,0.84637106586086641,-0.013386182674851387,0.51934760028900873
1.0662548833419654,-0.34778615443933136,-0.11914663384590635,-0.11140844722975671,0.84579825683582344,-0.013369784054844149,0.52156947331459469
1.0677803486049158,-0.34659206184237878,-0.11797423425540667,-0.10610437207658516,0.84527111257032395,-0.012425430638901804,0.52354963198707194
1.0699617513570987,-0.34630603377825414,-0.11593230733416364,-0.10042916305300928,0.84466036859135551,-0.012181433070582696,0.5256562161983197
1.072302554577659,-0.34610146355461369,-0.11376081326644752,-0.095354891635400577,0.84383293785977265,-0.012152170018824786,0.52792588721143374
1.0741956368401309,-0.34591788461537315,-0.11177794566076754,-0.090929085576956462,0.84301018390133853,-0.011980070808831025,0.53002095160303375
1.0759468336548932,-0.34499105250948103,-0.11031888049636983,-0.086797238919981326,0.84220794903109442,-0.011872566169862224,0.53198783076048595
1.0777884711711698,-0.34585902755352521,-0.10836661606270909,-0.082452173425034234,0.84131071251803746,-0.012617117616526832,0.53407745921629313
1.0797039975066378,-0.34551720821233489,-0.10642540827703893,-0.077898818988957896,0.8405275904060665,-0.012879510372741942,0.53598438594688158
1.0807723334503583,-0.34573885885953576,-0.10574373519928471,-0.07147826834534507,0.84018954801283663,-0.011915071563850034,0.53742944805245296
1.0819809082215794,-0.34682790286069271,-0.10454490809329706,-0.066185945446842198,0.83975250544202273,-0.012136683096425625,0.53878367751127165
1.0825143095551033,-0.34653794050044773,-0.10477092602285665,-0.059007059133019284,0.83980418754875652,-0.010518386496514343,0.53957062289709157
1.0839371211052102,-0.34579086740080395,-0.103563678784518,-0.054716733297737387,0.83942776496947302,-0.010337563946116471,0.54061098885172443
1.0847999386593012,-0.34613642753143931,-0.10317878815720202,-0.049106064450623814,0.83924274595011095,-0.0097916242662808017,0.54144651804080945
1.0859387612248852,-0.34686082935152707,-0.1022185412386703,-0.044074065649210598,0.83894306235039484,-0.0094383349099377185,0.54234945625990838
1.0858583602322227,-0.34740603568538247,-0.10326170146786687,-0.03954608262051023,0.83952218703967241,-0.0097790670923559846,0.54179606372167399
1.0863427580311378,-0.34884424707300876,-0.1033342998932149,-0.035321196476311455,0.83968666933727776,-0.01071225941254482,0.54181542790421644
1.0865997453192213,-0.34855884267440251,-0.10403409754058246,-0.031325518370438683,0.83987869392020764,-0.010710269005447672,0.54176358454176299
1.0859261425982079,-0.35043374190899979,-0.10565131393976304,-0.02786559673556973,0.84075068258783869,-0.012052833496689338,0.54057055732934156
1.0857431971972682,-0.35078386277018414,-0.10673869141984779,-0.025050682299624469,0.84127127808825719,-0.012998984821822306,0.53987602870814289
1.0850656099263785,-0.35128704524355403,-0.10874349200098933,-0.021717699939129084,0.84240160894287208,-0.013949728827840823,0.53823161912455864
1.0842365129049052,-0.35219773476591865,-0.11090747238661845,-0.018840422770597255,0.84359668732108284,-0.015215885078795654,0.53643093166966893
1.0838369384182898,-0.3533132692232262,-0.112159614926646,-0.015912618454085974,0.84450907398633146,-0.016408883086067763,0.53505323201019084
1.0824307390916523,-0.35376672968306566,-0.11511396413006125,-0.013191302283857485,0.8461349348810463,-0.01746992181622261,0.53251897933279191
1.0811604625986833,-0.3543681644638873,-0.11784692841218586,-0.011320579126061841,0.8477378861476832,-0.018957313954788405,0.52995560297606759
1.0793359593517089,-0.35524508853562736,-0.12145504693433876,-0.0089560751089743304,0.84956189502483603,-0.020118070693922165,0.52702906795736248
1.0772682915127283,-0.35656198735084121,-0.12538487460986864,-0.0063734986787347151,0.85183184629103648,-0.021765271023036381,0.52332414155692208
1.0752258349229702,-0.35714442500695576,-0.12923659954757274,-0.0037035137099995057,0.85386022357780333,-0.022636500183694546,0.51999672252553397
1.0726991700379103,-0.3580574206021101,-0.133729265884827,-0.0020783002282861928,0.85624007795301027,-0.024358294183518966,0.51599930530927374
1.0711200082717012,-0.35833769523913239,-0.13680099235800131,-0.00042896745472506445,0.85827646537780167,-0.025671687742134641,0.5125449145333314
1.0677247707414672,-0.36056848145599613,-0.14253174968844395,0.0018437992447468982,0.86118621712933596,-0.027644537898127122,0.50753391941347947
1.0648183290228082,-0.36096659797354347,-0.14728206323641371,0.0033054993590940795,0.86371723550444124,-0.028942148473026112,0.50313413997493528
1.0613028648098244,-0.36150704105668108,-0.15327025578050785,0.005748913232932462,0.86668517595129846,-0.030025061518626994,0.49791791639155719
1.0586417574424067,-0.36337164887035572,-0.15732720138932546,0.0066775337438464283,0.86901437688701688,-0.032236879722044288,0.49369039578723428
1.0557923442285069,-0.36353883195795667,-0.16182940265613516,0.0080211980947485165,0.87162558115470212,-0.033530564334362224,0.48895828852088369
1.051874383313772,-0.36413447404972848,-0.16797955645126617,0.0086190414066058957,0.87465153110328908,-0.035271412801984307,0.48339046194857338
1.048288719003466,-0.36631604241723131,-0.17305933078737668,0.0094790083796544664,0.87736954409663881,-0.037665511409560211,0.47824067240464907
1.0446864061478984,-0.36639892446991518,-0.17843164474050444,0.0099996598412896084,0.88011655539153966,-0.039215765495382818,0.47302957567725135
1.0411972662007416,-0.36611969803313105,-0.1838570892071541,0.010372289810329036,0.8828388322788715,-0.040458396780824628,0.4678152733232363
1.0367950163859285,-0.36727353386882189,-0.18973587782141776,0.010321226112350602,0.88582214366325673,-0.042719714506423735,0.46193898739969952
1.0329019245216489,-0.36877406756005882,-0.19502598945841598,0.011208289938006146,0.88845676994716216,-0.044677402328478936,0.45664304647382947
1.02919430903472,-0.36956495579327858,-0.19987867946412455,0.01199159081870001,0.89090488038286098,-0.046323100639242325,0.45166233649353982
1.0255517427314014,-0.3707579931748673,-0.20472414379135501,0.011826274852114748,0.89331305705674657,-0.048597280839381404,0.44664328676256893
1.0209673764278135,-0.37184808828316102,-0.21030156338568756,0.013643219855985435,0.89602404432574112,-0.049978115662995051,0.44097274575293172
1.0170173938145146,-0.37227042820999812,-0.21564746771890153,0.013332963526408422,0.89833046979804132,-0.051748986345234414,0.43605807127981755
1.0133939295113348,-0.37236432583685186,-0.2201028749840569,0.013525225149942602,0.90052436698278759,-0.053184008428829789,0.43132863805030985
1.0089243190795625,-0.37387045483150944,-0.22557516916839754,0.014269211967343929,0.90294935062317627,-0.055165070508534746,0.42595266731739534
1.0044894218332603,-0.37471170791569547,-0.23097682790980567,0.014851706595609335,0.90520258750356875,-0.056571494151860954,0.42093629973841384
1.0006510282791372,-0.37570444144590409,-0.23538741761175824,0.01469633794763568,0.90729669849355565,-0.058575117044922465,0.41613179909350428
0.99626807945635809,-0.37641284984362378,-0.24023044898019399,0.015953835710199784,0.90947768343511848,-0.059887428108255959,0.41110742442116138
0.99092308477878366,-0.37845074759484759,-0.24617921805818724,0.015908072937368799,0.91190995164102062,-0.062421456966969519,0.4053032630310438
0.98784027211746528,-0.3782247720180158,-0.24968219424854549,0.016275797939546224,0.9135969394422554,-0.06345496594046364,0.40130935441460813
0.98326239879594568,-0.37898346374837988,-0.25477384994046837,0.016901753267538247,0.9155761798727321,-0.064646171736503749,0.39655448814248989
0.97749374360633701,-0.38041175969205571,-0.26094792686486684,0.016977867172505521,0.91788213951536812,-0.066621076806799059,0.39085260918927683
0.97390152272665687,-0.38059081411185619,-0.26461700758065848,0.017308166430541672,0.91962057820543064,-0.067915195526662628,0.3865047809956525
0.97015735557978522,-0.38144750596278143,-0.26852514375546854,0.018634665895422942,0.92126666182410266,-0.068994393786712849,0.38230911663789074
0.96526192208997674,-0.38272955786191687,-0.27332995233952095,0.017681701631309658,0.9232409063766972,-0.071235840282136142,0.37714591510376189
0.95951637697635772,-0.3835879646280882,-0.27906758534511922,0.018789304358856191,0.92537463716705237,-0.072491099270777695,0.37158280834313445
0.95486757239086528,-0.38383529141082523,-0.28359680088670708,0.018789415483116478,0.92718318126477461,-0.073796550430700159,0.36678655290245304
0.95029116685557846,-0.38499363520046609,-0.28835336754637203,0.019316960652154519,0.92887122265897037,-0.075250569738631631,0.36216357975534191
0.94552940691244636,-0.38603834853813385,-0.29248730694318142,0.019210785488200339,0.93064357116654695,-0.077105656836267661,0.35719491436910233
0.94095410544537617,-0.38654254634683155,-0.29674142877821763,0.019500510812452954,0.93230925813604015,-0.078357687104314039,0.35253262280751002
0.93544562774483453,-0.38767506075593505,-0.30175257829258695,0.020206783634118739,0.93415306707162749,-0.079901231589309035,0.34722546906347013
0.92473754102060723,-0.3901758949034122,-0.31138585235768346,0.020661243651992598,0.93760017628185388,-0.083367988458662154,0.33694035220992136
0.92473754102060723,-0.3901758949034122,-0.31138585235768346,0.020661243651992598,0.93760017628185388,-0.083367988458662154,0.33694035220992136
0.91347320388663289,-0.39301924758746654,-0.32093946797504813,0.021643109521620251,0.94097238533738059,-0.086806492791432502,0.32644628754508165
0.90888321958352358,-0.39398386286897591,-0.32483045946637568,0.022257736505435683,0.94237918389403008,-0.088152197857651382,0.32195536482832804
0.90888321958352358,-0.39398386286897591,-0.32483045946637568,0.022257736505435683,0.94237918389403008,-0.088152197857651382,0.32195536482832804
0.89752101131578976,-0.39618433504272377,-0.33411676570099169,0.022318607720455998,0.94551258879745848,-0.091285899772686502,0.31172858174642848
0.89752101131578976,-0.39618433504272377,-0.33411676570099169,0.022318607720455998,0.94551258879745848,-0.091285899772686502,0.31172858174642848
0.88763105863590308,-0.39837224076676248,-0.34177591535275337,0.022731396582335417,0.94803447147450515,-0.093989279181370525,0.30311703994404277
0.8807736115500221,-0.39887722394174635,-0.34706684009545458,0.022739694073010533,0.94973291832955564,-0.095201212037437158,0.29736680948164762
0.87531540861053458,-0.40032358372643634,-0.35101505300080721,0.023305553910880419,0.95100594124350313,-0.09660189179618027,0.29276718630656778
0.86935020663135165,-0.40176788957138876,-0.35537481630404139,0.023918157223647339,0.95233097412096279,-0.098061983266585717,0.28788449927473814
0.86265797334564076,-0.40312156180562103,-0.36025999808332976,0.024101141816674068,0.9537572013531066,-0.099419882144178504,0.28263407944665775
0.85656860410532754,-0.4044745847724811,-0.36465446105390387,0.02367841004788937,0.95502242647145785,-0.1010218322162303,0.27778784575616117
0.85126909363312375,-0.40544744434815982,-0.3682869830011935,0.024094866847247751,0.95608555103715009,-0.10206226492719785,0.27368439956916268
0.84588623689731912,-0.40597984995176678,-0.37208580906887689,0.024571366279998345,0.95719961806109588,-0.1027893555172755,0.26944292073678505
0.8400691202576297,-0.40714588189655865,-0.37616206527030355,0.024007323623432501,0.95828776471095145,-0.10414591780435731,0.26506949319455075
0.83436341965684357,-0.40863953902583611,-0.38001590138135211,0.02428355690644423,0.95930906125072923,-0.10532389012510882,0.26085113002463678
0.82886454210892047,-0.40915180912100629,-0.38344167988718592,0.024558263466950843,0.96029817610222512,-0.10622926769336108,0.25678716353346009
0.82084585431743506,-0.41044472854914676,-0.38879697448646755,0.024477042336449147,0.96171991831104198,-0.10770121875646541,0.25079098987131548
0.81409816285426495,-0.41161955709283621,-0.39328834476960584,0.024512987757344951,0.96286105110576636,-0.10874664571935468,0.24591030222318053
0.80853771722689738,-0.41264582412702439,-0.39698086874373101,0.024076200573276911,0.96375041367007086,-0.10978831477946939,0.2419752108266609
0.80144872192544558,-0.41314459699702283,-0.4017267871394703,0.024216775660028715,0.96481044723553933,-0.11041881941370639,0.23740689333099332
0.79468726160210368,-0.41438432102713424,-0.40575954988189245,0.024321179844991749,0.96584446617997066,-0.11141511342242016,0.23267922094923796
0.78853050016371007,-0.41533176598112354,-0.40949905010668219,0.024826346220769898,0.96671610535250607,-0.11199414197856,0.22869397969315886
0.78223519333822455,-0.41564439271501546,-0.41353050199058972,0.024458248461722142,0.96760999120434499,-0.11248508269080178,0.22467711315520222
0.77495695370782902,-0.41672944673416434,-0.41793154748969108,0.024874576676476794,0.96857192811081683,-0.1131215870085208,0.22012083514182496
0.76880670513799398,-0.41708920162764479,-0.42147881412182364,0.024319344114950198,0.96937368257309442,-0.11369909651562225,0.21632324999414052
0.76385414131884388,-0.41740354911183974,-0.42429344467465629,0.0242660178377615,0.96998045941681865,-0.11399261977744693,0.21343559066872908
0.75675482623521795,-0.41846783566917217,-0.42829194674108445,0.025632537039227511,0.97084685601633247,-0.1142296128533974,0.209167279361515
0.75023216351845545,-0.41883031347471006,-0.43197144631852386,0.024527323696492506,0.97165608433550477,-0.11478662700475004,0.20519964528954276
0.74390574917194618,-0.41845228974496101,-0.43580603711902544,0.024897769462027965,0.97239222968435512,-0.11442938139216303,0.20183995986798794
0.73882822700265405,-0.41908095564053771,-0.43845626829897866,0.024507979110209879,0.97298384914000635,-0.11498889821821436,0.19869409039826019
0.73185274766818298,-0.41944692324377481,-0.44221253106761516,0.025009457565078424,0.97374575735849633,-0.1149347145918125,0.19489417241243384
0.72565102409722027,-0.42054616815644019,-0.44514911599281098,0.024535030270235837,0.97437188910899508,-0.11564327919370401,0.19137420406401109
0.71950522587536681,-0.42043466436627291,-0.44856728559119974,0.024787375910986922,0.97504562887240209,-0.11549785155325018,0.18796769376372227
0.71342589960255987,-0.42044020743254584,-0.4516044008447106,0.024891988202036253,0.97568063646249859,-0.1155169888706067,0.18461719810936225
0.70667203128016132,-0.4211522783688183,-0.45473192536464746,0.025099351091067496,0.97637436500021191,-0.11588002541672723,0.18065143690172739
0.70146148348651427,-0.42025054592101407,-0.4575917552272678,0.025972141009948067,0.97694225644200794,-0.11496945249503861,0.17802050573557093
0.6960669280504963,-0.4201975432223744,-0.46029845093429367,0.025565612700492076,0.97746282212697477,-0.11486088722272475,0.17527066894727991
0.68836079692761454,-0.42065331112148929,-0.4640111445220047,0.02619300334262829,0.97822377808363181,-0.1149065933039098,0.17084683603440939
0.68285981874081825,-0.42020482251416086,-0.46661094570421568,0.026148335116996775,0.97875604834781826,-0.11463731367006751,0.16796174775133463
0.67624781924940547,-0.41981252816277359,-0.46991706741390155,0.026373441554100263,0.97940578013102464,-0.1142218403307354,0.16438409478411023
0.67137836690158803,-0.42043995129114076,-0.47178918479022358,0.026888949369657307,0.97980279799587155,-0.11415643512790954,0.16196224794730618
0.6647115178243358,-0.42048865409017794,-0.47474641200698997,0.027081666302504286,0.98041115691331771,-0.11421290498298163,0.1581643420165183
0.6592999544398046,-0.41947322184199121,-0.47711801436751761,0.027736189701393705,0.98093118386999623,-0.11343774214126472,0.15535956665151912
0.65260991577079164,-0.42062108248206193,-0.47991579594689598,0.028808410731000184,0.98142278885259238,-0.11374313944284606,0.15179553096728268
0.6467077166231251,-0.42002355368790573,-0.48259279822010342,0.028301225585736417,0.98197293781485739,-0.11327617759027332,0.14864957995278757
0.64133066020398588,-0.41951915140864715,-0.48481342985051268,0.028773516690444933,0.98243524532311199,-0.11292589187923872,0.14574229457319463
0.6355127432127331,-0.4183581205055899,-0.48747632878531938,0.030073562474881063,0.9829648276599523,-0.11190391980438906,0.14266478597019805
0.63100842313070249,-0.41680449664662378,-0.48945268301282729,0.030393519715274851,0.98340862529385664,-0.11088346794426598,0.14031595131565466
0.62457306291589909,-0.41771975789297444,-0.49193190485111399,0.030259689988509354,0.98385244060412547,-0.11144351165551282,0.13674454281247467
0.61854279375674304,-0.41769102383501105,-0.49402273818321446,0.031650693096315213,0.98429352442718243,-0.11102226187403537,0.13356103011586717
0.61345667520338265,-0.41674333430127669,-0.49608940151735414,0.031951522954196412,0.98470812601246083,-0.11038885639541336,0.13093245254576039
0.60862748153257906,-0.41630288827592232,-0.49775999438672125,0.031902924508561241,0.98509675220790505,-0.11007027802623667,0.12826194327416512
0.60357648603458214,-0.41729559107986924,-0.4993068136129265,0.032542497287987193,0.98536548189327766,-0.11059427646368636,0.12555779138294743
0.59910847917990562,-0.41518070027986437,-0.50093867732120956,0.03344850100134223,0.9858029609850657,-0.10918288087968649,0.12309678475351112
0.59214589895931069,-0.41496291913504729,-0.5034727074683234,0.034143524923237731,0.98627626616671293,-0.10887832050141233,0.11932668530909205
0.58710318476243306,-0.41481606440331575,-0.50522637644682267,0.034719867509406539,0.98661000499112317,-0.10879952444599028,0.11643836280140454
0.58158666296321859,-0.41393548697797572,-0.50721877853369213,0.035373017388214266,0.98701305279086549,-0.10830344757023697,0.11324463124453334
0.57754243656480087,-0.4131445632141833,-0.50869122418759027,0.03531771548227932,0.98729801612114099,-0.10796007544101462,0.11108514053257756
0.57323833120218959,-0.41299362278615281,-0.51001989977116358,0.036072636349700496,0.98754713032016483,-0.10767179493538362,0.1088862474263044
0.56816221939554645,-0.41217123211838058,-0.51180586551826435,0.036182113766670299,0.98789752805820541,-0.10711745910256838,0.10618464415946689
0.56465945920325755,-0.41122427016684315,-0.51316820710724376,0.036070447392921604,0.98814425923191329,-0.10665424443409655,0.10437776542961509
0.56028227985475509,-0.41106574712595445,-0.51457286369559174,0.036611432203427836,0.98839612106622599,-0.10645463111762894,0.10198099041910635
0.55679126997581707,-0.40986143725695473,-0.51565697524487963,0.036810982247661717,0.98865336655483205,-0.10579043543704651,0.1000892409592526
0.55334948118044958,-0.41028039360329277,-0.51660354783638085,0.037056562973319745,0.98880184945185401,-0.105811342951979,0.098497072869685801
0.54930002080029794,-0.40958980465711253,-0.51788181725483939,0.03750955768528498,0.98905166107861542,-0.10537359325676446,0.096261366310913157
0.54577547265719906,-0.40943382520848132,-0.51888259113841828,0.037482130151502493,0.98922893868028028,-0.1053001980040057,0.094514893520065341
0.54325173496252865,-0.40835841081635255,-0.51975925923484645,0.038226780673434782,0.98938234142176007,-0.10442422245452819,0.093578189162368347
0.54146318453095221,-0.40750284288075855,-0.52054884612925911,0.038256221147546725,0.98948489078232904,-0.10348672092274823,0.093523318213424522
0.5388595387860674,-0.40635356062435413,-0.52153044498044698,0.038741865711544664,0.98964346541560966,-0.102504130698642,0.092724227638127613
0.53656558151950273,-0.40629445571232442,-0.52208260427817543,0.038391357342412821,0.98975481549605182,-0.10221860096859033,0.091993839466605859
0.53484637725488704,-0.40547100923837903,-0.52271557474178953,0.038666754617223242,0.98983996515092409,-0.10130478572390841,0.091973180149550721
0.53389319994884099,-0.40485228780901894,-0.52299386973325224,0.038172241452527775,0.98991527178458893,-0.1006337954663081,0.092105775498490569
0.53249838152163864,-0.40541742860499008,-0.52324112520401678,0.038429195684337815,0.98989369441653763,-0.10055385313189047,0.092317892598148862
0.53104451763782368,-0.40448358449297256,-0.5238528195970944,0.038115279129133463,0.98999736697027119,-0.09957822893405327,0.092393805047717201
0.53076395729197778,-0.40375079044050616,-0.52398762529262499,0.03801245317543106,0.9899967465403926,-0.0987110144088654,0.093368254119888042
0.53008755939675822,-0.40268447638215693,-0.52443023325833105,0.037884681417286188,0.99006165788572775,-0.097655301580606993,0.093840857688298973
0.52964331761223271,-0.4029258669373712,-0.52448664374601495,0.038274061172051038,0.99002240812917663,-0.097023739105685819,0.094747673815540279
0.52884847234613386,-0.40199877428516889,-0.52477692733387271,0.038014684581901943,0.99005580247551317,-0.096294390904762814,0.095245902909189509
0.53026032551619584,-0.40215321787412278,-0.52422103811310894,0.037680012471867606,0.98993154191867783,-0.095779861456819257,0.097169836440848686
0.53012502237052539,-0.40145679537781304,-0.52443233465545069,0.037675410456088437,0.98990264694032748,-0.094751492763116882,0.098465565791598417
0.52990267347240949,-0.4010109828755184,-0.52449007139954629,0.037141960846529855,0.98990203939841503,-0.094144801910122755,0.099253127974069877
0.52991798841799709,-0.40076738173097726,-0.52464477861856063,0.036698823159721707,0.98987649461996796,-0.093438459595674012,0.10033432137590503
0.53095026884044405,-0.40109912101829698,-0.52416193556749191,0.036665240117091304,0.98974040632812843,-0.093097409203013973,0.10199245387906672
0.53086463432919295,-0.39983948445034495,-0.52432778166192029,0.037218384562763371,0.98973815805752363,-0.091760430645611193,0.10302035577093825
0.53228425684160574,-0.40030660318005618,-0.52381208180602867,0.036960858473406834,0.98957972364321856,-0.091509519283203458,0.10484213549750349
0.53378327241524093,-0.39978373187349764,-0.52337859777682516,0.036807685587714079,0.98946560762588531,-0.09078398864877367,0.10658927250072063
0.5338641975473436,-0.39844827477516304,-0.52348914252902801,0.036545373871743156,0.98948296306738781,-0.089662751184804351,0.10746391253778549
0.53412189770535101,-0.39916914764718719,-0.52336992971545926,0.036761980735102139,0.98938493412236628,-0.089446520786755995,0.10846810048699652
0.53427548697825522,-0.3990289710078504,-0.52331781138384559,0.036706873052485697,0.98931637748404233,-0.089089084697343293,0.10940221981454577
0.53614248709240353,-0.39825197690285608,-0.52306973957199276,0.036178370723211735,0.98921455763608268,-0.088192705728329185,0.11121030127186661
0.53713465449827225,-0.39885156349035555,-0.52259802837096725,0.035993148047626072,0.98908380612260438,-0.088118512976958885,0.11248486756170144
0.53788085936629038,-0.39696014466382229,-0.52281306790639381,0.03584278935066957,0.98909233986184009,-0.086613650177969376,0.11362091920523337
0.53888706087189286,-0.3981019539060226,-0.52237426523401009,0.035502933755208951,0.98895140012444727,-0.087169763232430378,0.11452555288960825
0.53955962923486178,-0.39717308184248906,-0.52240430631401691,0.035525740382210971,0.98891529030162784,-0.086318208452882308,0.11547136990365907
0.54067798691082813,-0.39684012378401073,-0.52227370984082144,0.035176926044973827,0.98883197852097038,-0.085982873237995278,0.11653689389231338
0.54211826424268228,-0.39653813010281591,-0.52186195880220576,0.035261028066789636,0.98873296431473767,-0.085903611328137175,0.11740679170239325
0.54218015963449095,-0.39675088772685041,-0.52208699902970745,0.034721243508538072,0.98875535562594763,-0.086132460860791404,0.11721126719002185
0.54224721145479193,-0.39688739137507323,-0.52216063901761722,0.034607724131790245,0.98874829987804058,-0.086373985665915629,0.11712659612097606
0.54282742787997773,-0.39670162109381391,-0.52217367368149448,0.03537640926945454,0.98873398353808972,-0.086251541111287952,0.11710803183397946
0.54274308538786509,-0.39692582951863548,-0.52239629028856382,0.034840142782550508,0.98875942750120627,-0.086455062760831911,0.11690372578065508
0.54225926316221562,-0.39747475716045189,-0.52211773956149354,0.034930930484616249,0.98877366763146657,-0.086890723364863087,0.11643223989611987
0.5410057154907415,-0.39753483330624972,-0.52250969404516578,0.035579854231218511,0.98883266591897545,-0.086756108343588462,0.1158335463047413
0.54285722566282779,-0.39723732041794457,-0.52191344846725596,0.034880212064782687,0.98872462886733159,-0.086557555576141559,0.11711007066070937
0.54297666379967058,-0.39767173496417524,-0.52200945842448099,0.034208928492321197,0.98870259648127834,-0.086810979146691877,0.11730634604393028
0.54216213112140188,-0.3972663883670236,-0.52247125356963209,0.034742183011221853,0.9887703284576348,-0.086600428587688946,0.11673296042602647
0.54165950158022524,-0.39724560416239496,-0.5223337178689762,0.035179289215885555,0.98885161111364561,-0.086772170000730869,0.11578212004267605
0.54161828867903261,-0.39704427201840009,-0.52241970438279495,0.03528469062424882,0.98887145655772435,-0.08674594642614307,0.11560005965218381
0.54138176653426517,-0.39792242318000842,-0.5221619811234206,0.034798707140295537,0.98888620577064712,-0.087557655750926486,0.11500773424991675
0.54101635993616992,-0.3967238487248313,-0.52266132806358445,0.034605501462420092,0.98897258271519162,-0.087012207606878236,0.11473694101533004
0.54045193957181781,-0.3968396159563829,-0.5226709103948517,0.034449878913128736,0.98899633065468517,-0.087068963736705279,0.1145358430721817
0.54114279356649408,-0.39653653782160736,-0.52247060779489551,0.034606513226233072,0.98893644801642566,-0.086879636773292343,0.11514781691859617
0.53981104268401181,-0.39693375999194475,-0.52284324215955502,0.034460173935978937,0.98903588042540269,-0.087119708800320231,0.11415200384573995
0.53843012132905654,-0.3977808748821024,-0.52302366567334246,0.033539921024970151,0.98912318565407853,-0.087999041910570439,0.11298922922999129
0.53778007006513429,-0.39765455167377095,-0.52308631992996291,0.034593181189489119,0.98915798568828772,-0.087892035693063711,0.11244901611845999
0.53746679380612339,-0.39797831973540054,-0.52311792530296197,0.034831119587037648,0.98916963387036927,-0.088108033877711767,0.11210353653331792
0.53558923913165524,-0.39812823237681322,-0.52357001128328451,0.034821599360323134,0.98929681121156965,-0.088346082138268306,0.11078919313465209
0.53531011197200695,-0.39847014951430332,-0.52363820489305257,0.035095235619292474,0.98928168459485755,-0.088536005598896725,0.11068626235707534
0.53376233026619835,-0.39850254360715404,-0.52392609510281418,0.034895477529421494,0.98939193935242231,-0.08862345461169284,0.10968946752143308
